<?xml version="1.0" encoding="UTF-8"?>
<project-private xmlns="http://www.netbeans.org/ns/project-private/1">
    <editor-bookmarks xmlns="http://www.netbeans.org/ns/editor-bookmarks/2" lastBookmarkId="0"/>
    <open-files xmlns="http://www.netbeans.org/ns/projectui-open-files/2">
        <group>
            <file>file:/C:/Users/admin/Documents/GitHub/Dominion/DominionBackEnd/src/Main/ServerManager.java</file>
            <file>file:/C:/Users/admin/Documents/GitHub/Dominion/DominionBackEnd/src/Cards/Basic/Library.java</file>
            <file>file:/C:/Users/admin/Documents/GitHub/Dominion/DominionBackEnd/src/Server/JSONUtilities.java</file>
            <file>file:/C:/Users/admin/Documents/GitHub/Dominion/DominionBackEnd/src/Cards/Basic/Militia.java</file>
            <file>file:/C:/Users/admin/Documents/GitHub/Dominion/DominionBackEnd/src/Cards/Basic/Workshop.java</file>
            <file>file:/C:/Users/admin/Documents/GitHub/Dominion/DominionBackEnd/src/Server/JSonListener.java</file>
            <file>file:/C:/Users/admin/Documents/GitHub/Dominion/DominionBackEnd/src/Cards/Basic/Chancellor.java</file>
            <file>file:/C:/Users/admin/Documents/GitHub/Dominion/DominionBackEnd/src/Game/Engine.java</file>
            <file>file:/C:/Users/admin/Documents/GitHub/Dominion/DominionBackEnd/src/Cards/Basic/Cellar.java</file>
            <file>file:/C:/Users/admin/Documents/GitHub/Dominion/DominionBackEnd/src/Cards/Components/ActionCard.java</file>
            <file>file:/C:/Users/admin/Documents/GitHub/Dominion/DominionBackEnd/src/Server/Service/JDBCMemoryDatabaseService.java</file>
            <file>file:/C:/Users/admin/Documents/GitHub/Dominion/DominionBackEnd/src/Main/ServerModel.java</file>
            <file>file:/C:/Users/admin/Documents/GitHub/Dominion/DominionBackEnd/src/Cards/Basic/Curse.java</file>
            <file>file:/C:/Users/admin/Documents/GitHub/Dominion/DominionBackEnd/src/Cards/Basic/Gardens.java</file>
            <file>file:/C:/Users/admin/Documents/GitHub/Dominion/DominionBackEnd/src/Cards/Basic/Bureaucrat.java</file>
            <file>file:/C:/Users/admin/Documents/GitHub/Dominion/DominionBackEnd/src/Game/Environment.java</file>
            <file>file:/C:/Users/admin/Documents/GitHub/Dominion/DominionBackEnd/src/dominionbackend/DominionBackEnd.java</file>
            <file>file:/C:/Users/admin/Documents/GitHub/Dominion/DominionBackEnd/src/Server/ConnectionHandler.java</file>
            <file>file:/C:/Users/admin/Documents/GitHub/Dominion/DominionBackEnd/src/Cards/Basic/Moat.java</file>
            <file>file:/C:/Users/admin/Documents/GitHub/Dominion/DominionBackEnd/src/Main/Main.java</file>
            <file>file:/C:/Users/admin/Documents/GitHub/Dominion/DominionBackEnd/src/Cards/Basic/Thief.java</file>
            <file>file:/C:/Users/admin/Documents/GitHub/Dominion/DominionBackEnd/src/Server/Service/ServiceBroker.java</file>
            <file>file:/C:/Users/admin/Documents/GitHub/Dominion/DominionBackEnd/src/Server/ConnectionHandlerPrototype.java</file>
            <file>file:/C:/Users/admin/Documents/GitHub/Dominion/DominionBackEnd/src/Main/ServerController.java</file>
            <file>file:/C:/Users/admin/Documents/GitHub/Dominion/DominionBackEnd/src/Game/InteractionCase.java</file>
            <file>file:/C:/Users/admin/Documents/GitHub/Dominion/DominionBackEnd/src/Cards/Basic/Remodel.java</file>
            <file>file:/C:/Users/admin/Documents/GitHub/Dominion/DominionBackEnd/src/Actions/Action.java</file>
            <file>file:/C:/Users/admin/Documents/GitHub/Dominion/DominionBackEnd/src/Server/Service/Service.java</file>
            <file>file:/C:/Users/admin/Documents/GitHub/Dominion/DominionBackEnd/src/Server/Service/DominionService.java</file>
            <file>file:/C:/Users/admin/Documents/GitHub/Dominion/DominionBackEnd/src/Cards/Basic/Adventurer.java</file>
            <file>file:/C:/Users/admin/Documents/GitHub/Dominion/DominionBackEnd/src/Server/AbstractConnectionHandler.java</file>
            <file>file:/C:/Users/admin/Documents/GitHub/Dominion/DominionBackEnd/test/Server/Service/WampDatabaseServiceTest.java</file>
            <file>file:/C:/Users/admin/Documents/GitHub/Dominion/DominionBackEnd/src/Cards/Basic/Moneylender.java</file>
            <file>file:/C:/Users/admin/Documents/GitHub/Dominion/DominionBackEnd/src/Server/Service/ChatService.java</file>
            <file>file:/C:/Users/admin/Documents/GitHub/Dominion/DominionBackEnd/src/Server/WebConnectionHandler.java</file>
            <file>file:/C:/Users/admin/Documents/GitHub/Dominion/DominionBackEnd/src/Server/RTIUtilities.java</file>
            <file>file:/C:/Users/admin/Documents/GitHub/Dominion/DominionBackEnd/src/Server/Service/WampMYSQLDatabaseService.java</file>
            <file>file:/C:/Users/admin/Documents/GitHub/Dominion/DominionBackEnd/src/Game/Deck.java</file>
            <file>file:/C:/Users/admin/Documents/GitHub/Dominion/DominionBackEnd/src/Cards/Basic/Chapel.java</file>
            <file>file:/C:/Users/admin/Documents/GitHub/Dominion/DominionBackEnd/src/Game/Player.java</file>
            <file>file:/C:/Users/admin/Documents/GitHub/Dominion/DominionBackEnd/src/Server/Service/LobbyService.java</file>
            <file>file:/C:/Users/admin/Documents/GitHub/Dominion/DominionBackEnd/src/Cards/Components/TreasureCard.java</file>
            <file>file:/C:/Users/admin/Documents/GitHub/Dominion/DominionBackEnd/src/Game/RewardCase.java</file>
            <file>file:/C:/Users/admin/Documents/GitHub/Dominion/DominionBackEnd/src/Cards/Basic/Spy.java</file>
            <file>file:/C:/Users/admin/Documents/GitHub/Dominion/DominionBackEnd/src/Cards/Components/Card.java</file>
            <file>file:/C:/Users/admin/Documents/GitHub/Dominion/DominionBackEnd/test/Server/Service/JDBCDatabaseServiceTest.java</file>
            <file>file:/C:/Users/admin/Documents/GitHub/Dominion/DominionBackEnd/src/Server/Server.java</file>
            <file>file:/C:/Users/admin/Documents/GitHub/Dominion/DominionBackEnd/src/Cards/Basic/Feast.java</file>
            <file>file:/C:/Users/admin/Documents/GitHub/Dominion/DominionBackEnd/src/Actions/ActionTest.java</file>
            <file>file:/C:/Users/admin/Documents/GitHub/Dominion/DominionBackEnd/src/Cards/Components/VictoryCard.java</file>
            <file>file:/C:/Users/admin/Documents/GitHub/Dominion/DominionBackEnd/src/Game/SpecialCase.java</file>
            <file>file:/C:/Users/admin/Documents/GitHub/Dominion/DominionBackEnd/src/Server/ConnectionListener.java</file>
            <file>file:/C:/Users/admin/Documents/GitHub/Dominion/DominionBackEnd/src/Cards/Basic/Witch.java</file>
        </group>
    </open-files>
</project-private>
